date,description,amount
2024-01-02,NIBSS Instant Payment Outward via GTWORLD TO WEMA/john doe TOMIWA /./REF:GW,25000
2024-01-03,sms alert charges john doe,52.5
2024-01-04,POS/WEB PURCHASE TRANSACTION -- --Barter/FLW interswitch,3200
2024-01-05,ATM Withdrawal Lagos GTBank,20000
2024-01-05,ATM withdrawal charges,35
2024-01-06,COMMISSION NIP TRANSFER COMMISSION FOR via GTWORLD TO FCMB/Huddle stone,10.75
2024-01-07,stamp duty charge,50
2024-01-08,VAT on transaction,3.75
2024-01-09,NIBSS Instant Payment Outward via GTWORLD TO ZBN/PAYSTACK VIRTUAL MANAGED ACCT,15000
2024-01-10,TRANSFER BETWEEN CUSTOMERS Via GTWorld REF: from ikechukwu to KEWA'S KITCHEN,4500
2024-01-11,POS/WEB PURCHASE TRANSACTION -- --Rave LEKKI PHASE NG,7800
2024-01-12,sms alert charges tomiwa,52.5
2024-01-13,ATM Withdrawal Ikeja,40000
2024-01-14,FAILED NIBSS INSTANT PAYMENT NIP Reversal: Failure From Beneficiary Bank,12000
2024-01-15,NIBSS Instant Payment Outward via GTWORLD TO ACCESS/JOY O ALABOSON,6000
2024-01-16,phone airtime recharge MTN,2000
2024-01-17,DSTV subscription payment bills,18000
2024-01-18,salary payment credit alert,350000
2024-01-19,rent payment to landlord annual,600000
2024-01-20,cash deposit at branch,50000
2024-01-21,COMMISSION NIP TRANSFER COMMISSION FOR via GTWORLD TO WEMA/stone donald,10.75
2024-01-22,ATM withdrawal charges,35
2024-01-23,stamp duty charge,50
2024-01-24,TRANSFER BETWEEN CUSTOMERS Via GTWorld REF: from uzikwendu to boris johnson,3000
2024-01-25,POS/WEB PURCHASE TRANSACTION -- --Barter shoprite,9500
